x-axis,1
second,Volt
+0.0E+00,+1.51851E+00
+25.00E-03,+1.51408E+00
+50.00E-03,+1.51770E+00
+75.00E-03,+1.51534E+00
+100.00E-03,+1.51645E+00
+125.00E-03,+1.51599E+00
+150.00E-03,+1.51710E+00
+175.00E-03,+1.51408E+00
+200.00E-03,+1.51710E+00
+225.00E-03,+1.51444E+00
+250.00E-03,+1.51574E+00
+275.00E-03,+1.51408E+00
+300.00E-03,+1.51589E+00
+325.00E-03,+1.51504E+00
+350.00E-03,+1.51604E+00
+375.00E-03,+1.51499E+00
+400.00E-03,+1.51529E+00
+425.00E-03,+1.51348E+00
+450.00E-03,+1.51348E+00
+475.00E-03,+1.51243E+00
+500.00E-03,+1.51599E+00
+525.00E-03,+1.51358E+00
+550.00E-03,+1.51529E+00
+575.00E-03,+1.51308E+00
+600.00E-03,+1.51474E+00
+625.00E-03,+1.51223E+00
+650.00E-03,+1.51519E+00
+675.00E-03,+1.51343E+00
+700.00E-03,+1.51419E+00
+725.00E-03,+1.51212E+00
+750.00E-03,+1.51499E+00
+775.00E-03,+1.51353E+00
+800.00E-03,+1.51539E+00
+825.00E-03,+1.51328E+00
+850.00E-03,+1.51559E+00
+875.00E-03,+1.51273E+00
+900.00E-03,+1.51504E+00
+925.00E-03,+1.51233E+00
+950.00E-03,+1.51675E+00
+975.00E-03,+1.51217E+00
+1.00000E+00,+1.51625E+00
+1.02500E+00,+1.51293E+00
+1.05000E+00,+1.51509E+00
+1.07500E+00,+1.51363E+00
+1.10000E+00,+1.51700E+00
+1.12500E+00,+1.51197E+00
+1.15000E+00,+1.51589E+00
+1.17500E+00,+1.51348E+00
+1.20000E+00,+1.51519E+00
+1.22500E+00,+1.51368E+00
+1.25000E+00,+1.51599E+00
+1.27500E+00,+1.51072E+00
+1.30000E+00,+1.51604E+00
+1.32500E+00,+1.51348E+00
+1.35000E+00,+1.51383E+00
+1.37500E+00,+1.51373E+00
+1.40000E+00,+1.51589E+00
+1.42500E+00,+1.51268E+00
+1.45000E+00,+1.51529E+00
+1.47500E+00,+1.51459E+00
+1.50000E+00,+1.51348E+00
+1.52500E+00,+1.51378E+00
+1.55000E+00,+1.51589E+00
+1.57500E+00,+1.51253E+00
+1.60000E+00,+1.51539E+00
+1.62500E+00,+1.51348E+00
+1.65000E+00,+1.51474E+00
+1.67500E+00,+1.51383E+00
+1.70000E+00,+1.51363E+00
+1.72500E+00,+1.51238E+00
+1.75000E+00,+1.51650E+00
+1.77500E+00,+1.51303E+00
+1.80000E+00,+1.51474E+00
+1.82500E+00,+1.51348E+00
+1.85000E+00,+1.51368E+00
+1.87500E+00,+1.51223E+00
+1.90000E+00,+1.51665E+00
+1.92500E+00,+1.51348E+00
+1.95000E+00,+1.51474E+00
+1.97500E+00,+1.51429E+00
+2.00000E+00,+1.51499E+00
+2.02500E+00,+1.51343E+00
+2.05000E+00,+1.51569E+00
+2.07500E+00,+1.51419E+00
+2.10000E+00,+1.51559E+00
+2.12500E+00,+1.51424E+00
+2.15000E+00,+1.51569E+00
+2.17500E+00,+1.51348E+00
+2.20000E+00,+1.51579E+00
+2.22500E+00,+1.51378E+00
+2.25000E+00,+1.51398E+00
+2.27500E+00,+1.51348E+00
+2.30000E+00,+1.51599E+00
+2.32500E+00,+1.51333E+00
+2.35000E+00,+1.51589E+00
+2.37500E+00,+1.51298E+00
+2.40000E+00,+1.51303E+00
+2.42500E+00,+1.51353E+00
+2.45000E+00,+1.51388E+00
+2.47500E+00,+1.51308E+00
+2.50000E+00,+1.51348E+00
+2.52500E+00,+1.51263E+00
+2.55000E+00,+1.51439E+00
+2.57500E+00,+1.51278E+00
+2.60000E+00,+1.51393E+00
+2.62500E+00,+1.51223E+00
+2.65000E+00,+1.51348E+00
+2.67500E+00,+1.51268E+00
+2.70000E+00,+1.51388E+00
+2.72500E+00,+1.51192E+00
+2.75000E+00,+1.51197E+00
+2.77500E+00,+1.51127E+00
+2.80000E+00,+1.51338E+00
+2.82500E+00,+1.51253E+00
+2.85000E+00,+1.51730E+00
+2.87500E+00,+1.52077E+00
+2.90000E+00,+1.52212E+00
+2.92500E+00,+1.52444E+00
+2.95000E+00,+1.52730E+00
+2.97500E+00,+1.52986E+00
+3.00000E+00,+1.53735E+00
+3.02500E+00,+1.54534E+00
+3.05000E+00,+1.55800E+00
+3.07500E+00,+1.56544E+00
+3.10000E+00,+1.57544E+00
+3.12500E+00,+1.58258E+00
+3.15000E+00,+1.59625E+00
+3.17500E+00,+1.61062E+00
+3.20000E+00,+1.62358E+00
+3.22500E+00,+1.64037E+00
+3.25000E+00,+1.65620E+00
+3.27500E+00,+1.67429E+00
+3.30000E+00,+1.68594E+00
+3.32500E+00,+1.70499E+00
+3.35000E+00,+1.72288E+00
+3.37500E+00,+1.73810E+00
+3.40000E+00,+1.75589E+00
+3.42500E+00,+1.76861E+00
+3.45000E+00,+1.78790E+00
+3.47500E+00,+1.79931E+00
+3.50000E+00,+1.81424E+00
+3.52500E+00,+1.82921E+00
+3.55000E+00,+1.84403E+00
+3.57500E+00,+1.86082E+00
+3.60000E+00,+1.87881E+00
+3.62500E+00,+1.88735E+00
+3.65000E+00,+1.90408E+00
+3.67500E+00,+1.91419E+00
+3.70000E+00,+1.92710E+00
+3.72500E+00,+1.94941E+00
+3.75000E+00,+1.96197E+00
+3.77500E+00,+1.96534E+00
+3.80000E+00,+1.97670E+00
+3.82500E+00,+1.98966E+00
+3.85000E+00,+1.99645E+00
+3.87500E+00,+2.00494E+00
+3.90000E+00,+2.01223E+00
+3.92500E+00,+2.01459E+00
+3.95000E+00,+2.01871E+00
+3.97500E+00,+2.02464E+00
+4.00000E+00,+2.02881E+00
+4.02500E+00,+2.03077E+00
+4.05000E+00,+2.03358E+00
+4.07500E+00,+2.03117E+00
+4.10000E+00,+2.03298E+00
+4.12500E+00,+2.03032E+00
+4.15000E+00,+2.03107E+00
+4.17500E+00,+2.02946E+00
+4.20000E+00,+2.02635E+00
+4.22500E+00,+2.02494E+00
+4.25000E+00,+2.02554E+00
+4.27500E+00,+2.02228E+00
+4.30000E+00,+2.02162E+00
+4.32500E+00,+2.01936E+00
+4.35000E+00,+2.01660E+00
+4.37500E+00,+2.01474E+00
+4.40000E+00,+2.01665E+00
+4.42500E+00,+2.01263E+00
+4.45000E+00,+2.01353E+00
+4.47500E+00,+2.01177E+00
+4.50000E+00,+2.01197E+00
+4.52500E+00,+2.00730E+00
+4.55000E+00,+2.01177E+00
+4.57500E+00,+2.00790E+00
+4.60000E+00,+2.00790E+00
+4.62500E+00,+2.00670E+00
+4.65000E+00,+2.00815E+00
+4.67500E+00,+2.00479E+00
+4.70000E+00,+2.00815E+00
+4.72500E+00,+2.00403E+00
+4.75000E+00,+2.00569E+00
+4.77500E+00,+2.00413E+00
+4.80000E+00,+2.00469E+00
+4.82500E+00,+2.00233E+00
+4.85000E+00,+2.00459E+00
+4.87500E+00,+2.00243E+00
+4.90000E+00,+2.00459E+00
+4.92500E+00,+2.00408E+00
+4.95000E+00,+2.00343E+00
+4.97500E+00,+2.00363E+00
+5.00000E+00,+2.00594E+00
+5.02500E+00,+2.00258E+00
+5.05000E+00,+2.00514E+00
+5.07500E+00,+2.00343E+00
+5.10000E+00,+2.00424E+00
+5.12500E+00,+2.00343E+00
+5.15000E+00,+2.00469E+00
+5.17500E+00,+2.00373E+00
+5.20000E+00,+2.00650E+00
+5.22500E+00,+2.00539E+00
+5.25000E+00,+2.00645E+00
+5.27500E+00,+2.00594E+00
+5.30000E+00,+2.00489E+00
+5.32500E+00,+2.00373E+00
+5.35000E+00,+2.00660E+00
+5.37500E+00,+2.00519E+00
+5.40000E+00,+2.00469E+00
+5.42500E+00,+2.00559E+00
+5.45000E+00,+2.00263E+00
+5.47500E+00,+2.00353E+00
+5.50000E+00,+2.00645E+00
+5.52500E+00,+2.00388E+00
+5.55000E+00,+2.00529E+00
+5.57500E+00,+2.00429E+00
+5.60000E+00,+2.00383E+00
+5.62500E+00,+2.00217E+00
+5.65000E+00,+2.00429E+00
+5.67500E+00,+2.00212E+00
+5.70000E+00,+2.00348E+00
+5.72500E+00,+2.00298E+00
+5.75000E+00,+2.00343E+00
+5.77500E+00,+2.00097E+00
+5.80000E+00,+2.00439E+00
+5.82500E+00,+2.00253E+00
+5.85000E+00,+2.00343E+00
+5.87500E+00,+2.00368E+00
+5.90000E+00,+2.00308E+00
+5.92500E+00,+2.00207E+00
+5.95000E+00,+2.00449E+00
+5.97500E+00,+2.00248E+00
+6.00000E+00,+2.00343E+00
+6.02500E+00,+2.00358E+00
+6.05000E+00,+2.00288E+00
+6.07500E+00,+2.00217E+00
+6.10000E+00,+2.00459E+00
+6.12500E+00,+2.00268E+00
+6.15000E+00,+2.00378E+00
+6.17500E+00,+2.00348E+00
+6.20000E+00,+2.00298E+00
+6.22500E+00,+2.00303E+00
+6.25000E+00,+2.00343E+00
+6.27500E+00,+2.00238E+00
+6.30000E+00,+2.00388E+00
+6.32500E+00,+2.00338E+00
+6.35000E+00,+2.00217E+00
+6.37500E+00,+2.00343E+00
+6.40000E+00,+2.00464E+00
+6.42500E+00,+2.00233E+00
+6.45000E+00,+2.00273E+00
+6.47500E+00,+2.00383E+00
+6.50000E+00,+2.00142E+00
+6.52500E+00,+2.00474E+00
+6.55000E+00,+2.00353E+00
+6.57500E+00,+2.00132E+00
+6.60000E+00,+2.00378E+00
+6.62500E+00,+2.00368E+00
+6.65000E+00,+2.00243E+00
+6.67500E+00,+2.00328E+00
+6.70000E+00,+2.00358E+00
+6.72500E+00,+2.00107E+00
+6.75000E+00,+2.00393E+00
+6.77500E+00,+2.00273E+00
+6.80000E+00,+2.00393E+00
+6.82500E+00,+2.00308E+00
+6.85000E+00,+2.00383E+00
+6.87500E+00,+2.00217E+00
+6.90000E+00,+2.00408E+00
+6.92500E+00,+2.00253E+00
+6.95000E+00,+2.00479E+00
+6.97500E+00,+2.00288E+00
+7.00000E+00,+2.00419E+00
+7.02500E+00,+2.00228E+00
+7.05000E+00,+2.00564E+00
+7.07500E+00,+2.00700E+00
+7.10000E+00,+2.00640E+00
+7.12500E+00,+2.00569E+00
+7.15000E+00,+2.00625E+00
+7.17500E+00,+2.00353E+00
+7.20000E+00,+2.00690E+00
+7.22500E+00,+2.00589E+00
+7.25000E+00,+2.00620E+00
+7.27500E+00,+2.00569E+00
+7.30000E+00,+2.00665E+00
+7.32500E+00,+2.00579E+00
+7.35000E+00,+2.00710E+00
+7.37500E+00,+2.00544E+00
+7.40000E+00,+2.00665E+00
+7.42500E+00,+2.00539E+00
+7.45000E+00,+2.00464E+00
+7.47500E+00,+2.00429E+00
+7.50000E+00,+2.00720E+00
+7.52500E+00,+2.00489E+00
+7.55000E+00,+2.00640E+00
+7.57500E+00,+2.00403E+00
+7.60000E+00,+2.00469E+00
+7.62500E+00,+2.00494E+00
+7.65000E+00,+2.00474E+00
+7.67500E+00,+2.00388E+00
+7.70000E+00,+2.00614E+00
+7.72500E+00,+2.00454E+00
+7.75000E+00,+2.00569E+00
+7.77500E+00,+2.00564E+00
+7.80000E+00,+2.00479E+00
+7.82500E+00,+2.00373E+00
+7.85000E+00,+2.00755E+00
+7.87500E+00,+2.00519E+00
+7.90000E+00,+2.00579E+00
+7.92500E+00,+2.00594E+00
+7.95000E+00,+2.00705E+00
+7.97500E+00,+2.00484E+00
+8.00000E+00,+2.00544E+00
+8.02500E+00,+2.00524E+00
+8.05000E+00,+2.00650E+00
+8.07500E+00,+2.00469E+00
+8.10000E+00,+2.00700E+00
+8.12500E+00,+2.00594E+00
+8.15000E+00,+2.00745E+00
+8.17500E+00,+2.00504E+00
+8.20000E+00,+2.00665E+00
+8.22500E+00,+2.00469E+00
+8.25000E+00,+2.00620E+00
+8.27500E+00,+2.00594E+00
+8.30000E+00,+2.00785E+00
+8.32500E+00,+2.00484E+00
+8.35000E+00,+2.00640E+00
+8.37500E+00,+2.00519E+00
+8.40000E+00,+2.00655E+00
+8.42500E+00,+2.00479E+00
+8.45000E+00,+2.00700E+00
+8.47500E+00,+2.00589E+00
+8.50000E+00,+2.00670E+00
+8.52500E+00,+2.00680E+00
+8.55000E+00,+2.00790E+00
+8.57500E+00,+2.00690E+00
+8.60000E+00,+2.00710E+00
+8.62500E+00,+2.00569E+00
+8.65000E+00,+2.00710E+00
+8.67500E+00,+2.00665E+00
+8.70000E+00,+2.00504E+00
+8.72500E+00,+2.00660E+00
+8.75000E+00,+2.00594E+00
+8.77500E+00,+2.00278E+00
+8.80000E+00,+2.00177E+00
+8.82500E+00,+1.99645E+00
+8.85000E+00,+1.99087E+00
+8.87500E+00,+1.98760E+00
+8.90000E+00,+1.98067E+00
+8.92500E+00,+1.97027E+00
+8.95000E+00,+1.96630E+00
+8.97500E+00,+1.95971E+00
+9.00000E+00,+1.95318E+00
+9.02500E+00,+1.94067E+00
+9.05000E+00,+1.92775E+00
+9.07500E+00,+1.91484E+00
+9.10000E+00,+1.90700E+00
+9.12500E+00,+1.89263E+00
+9.15000E+00,+1.88338E+00
+9.17500E+00,+1.87137E+00
+9.20000E+00,+1.86243E+00
+9.22500E+00,+1.84419E+00
+9.25000E+00,+1.83258E+00
+9.27500E+00,+1.81976E+00
+9.30000E+00,+1.81052E+00
+9.32500E+00,+1.79876E+00
+9.35000E+00,+1.78861E+00
+9.37500E+00,+1.77730E+00
+9.40000E+00,+1.76599E+00
+9.42500E+00,+1.75544E+00
+9.45000E+00,+1.74720E+00
+9.47500E+00,+1.73655E+00
+9.50000E+00,+1.72529E+00
+9.52500E+00,+1.71815E+00
+9.55000E+00,+1.71323E+00
+9.57500E+00,+1.70424E+00
+9.60000E+00,+1.69941E+00
+9.62500E+00,+1.68785E+00
+9.65000E+00,+1.68057E+00
+9.67500E+00,+1.67680E+00
+9.70000E+00,+1.67640E+00
+9.72500E+00,+1.67172E+00
+9.75000E+00,+1.67027E+00
+9.77500E+00,+1.66579E+00
+9.80000E+00,+1.66620E+00
+9.82500E+00,+1.66424E+00
+9.85000E+00,+1.66785E+00
+9.87500E+00,+1.66625E+00
+9.90000E+00,+1.66826E+00
+9.92500E+00,+1.66685E+00
+9.95000E+00,+1.66921E+00
+9.97500E+00,+1.66866E+00
+10.00000E+00,+1.67052E+00
+10.02500E+00,+1.66821E+00
+10.05000E+00,+1.67097E+00
+10.07500E+00,+1.66986E+00
+10.10000E+00,+1.66971E+00
+10.12500E+00,+1.67052E+00
+10.15000E+00,+1.67177E+00
+10.17500E+00,+1.66956E+00
+10.20000E+00,+1.67107E+00
+10.22500E+00,+1.66911E+00
+10.25000E+00,+1.67077E+00
+10.27500E+00,+1.67243E+00
+10.30000E+00,+1.67062E+00
+10.32500E+00,+1.66956E+00
+10.35000E+00,+1.67117E+00
+10.37500E+00,+1.67202E+00
+10.40000E+00,+1.67288E+00
+10.42500E+00,+1.67107E+00
+10.45000E+00,+1.67192E+00
+10.47500E+00,+1.67067E+00
+10.50000E+00,+1.67353E+00
+10.52500E+00,+1.67233E+00
+10.55000E+00,+1.67167E+00
+10.57500E+00,+1.67182E+00
+10.60000E+00,+1.67217E+00
+10.62500E+00,+1.67303E+00
+10.65000E+00,+1.67263E+00
+10.67500E+00,+1.67212E+00
+10.70000E+00,+1.67248E+00
+10.72500E+00,+1.67212E+00
+10.75000E+00,+1.67127E+00
+10.77500E+00,+1.67167E+00
+10.80000E+00,+1.67273E+00
+10.82500E+00,+1.67087E+00
+10.85000E+00,+1.67067E+00
+10.87500E+00,+1.66926E+00
+10.90000E+00,+1.67052E+00
+10.92500E+00,+1.66926E+00
+10.95000E+00,+1.67137E+00
+10.97500E+00,+1.66921E+00
+11.00000E+00,+1.67152E+00
+11.02500E+00,+1.66941E+00
+11.05000E+00,+1.67087E+00
+11.07500E+00,+1.66926E+00
+11.10000E+00,+1.67162E+00
+11.12500E+00,+1.66901E+00
+11.15000E+00,+1.67167E+00
+11.17500E+00,+1.66936E+00
+11.20000E+00,+1.67132E+00
+11.22500E+00,+1.66946E+00
+11.25000E+00,+1.67177E+00
+11.27500E+00,+1.66986E+00
+11.30000E+00,+1.67228E+00
+11.32500E+00,+1.66981E+00
+11.35000E+00,+1.67187E+00
+11.37500E+00,+1.67001E+00
+11.40000E+00,+1.67177E+00
+11.42500E+00,+1.66971E+00
+11.45000E+00,+1.67072E+00
+11.47500E+00,+1.67217E+00
+11.50000E+00,+1.67077E+00
+11.52500E+00,+1.67338E+00
+11.55000E+00,+1.67197E+00
+11.57500E+00,+1.67197E+00
+11.60000E+00,+1.67338E+00
+11.62500E+00,+1.67152E+00
+11.65000E+00,+1.67162E+00
+11.67500E+00,+1.67233E+00
+11.70000E+00,+1.67082E+00
+11.72500E+00,+1.67067E+00
+11.75000E+00,+1.67253E+00
+11.77500E+00,+1.67062E+00
+11.80000E+00,+1.67233E+00
+11.82500E+00,+1.67137E+00
+11.85000E+00,+1.67177E+00
+11.87500E+00,+1.67052E+00
+11.90000E+00,+1.67223E+00
+11.92500E+00,+1.67087E+00
+11.95000E+00,+1.67182E+00
+11.97500E+00,+1.66961E+00
+12.00000E+00,+1.67102E+00
+12.02500E+00,+1.66805E+00
+12.05000E+00,+1.67132E+00
+12.07500E+00,+1.67032E+00
+12.10000E+00,+1.67027E+00
+12.12500E+00,+1.66976E+00
+12.15000E+00,+1.67112E+00
+12.17500E+00,+1.67032E+00
+12.20000E+00,+1.67157E+00
+12.22500E+00,+1.66986E+00
+12.25000E+00,+1.67077E+00
+12.27500E+00,+1.67067E+00
+12.30000E+00,+1.66996E+00
+12.32500E+00,+1.66941E+00
+12.35000E+00,+1.67167E+00
+12.37500E+00,+1.66951E+00
+12.40000E+00,+1.67087E+00
+12.42500E+00,+1.67057E+00
+12.45000E+00,+1.67052E+00
+12.47500E+00,+1.67157E+00
+12.50000E+00,+1.67052E+00
+12.52500E+00,+1.66986E+00
+12.55000E+00,+1.67182E+00
+12.57500E+00,+1.66986E+00
+12.60000E+00,+1.66971E+00
+12.62500E+00,+1.67027E+00
+12.65000E+00,+1.67042E+00
+12.67500E+00,+1.66956E+00
+12.70000E+00,+1.67107E+00
+12.72500E+00,+1.66896E+00
+12.75000E+00,+1.67027E+00
+12.77500E+00,+1.66926E+00
+12.80000E+00,+1.67052E+00
+12.82500E+00,+1.66946E+00
+12.85000E+00,+1.67057E+00
+12.87500E+00,+1.67001E+00
+12.90000E+00,+1.67092E+00
+12.92500E+00,+1.66891E+00
+12.95000E+00,+1.67052E+00
+12.97500E+00,+1.66941E+00
+13.00000E+00,+1.67077E+00
+13.02500E+00,+1.66981E+00
+13.05000E+00,+1.67042E+00
+13.07500E+00,+1.67016E+00
+13.10000E+00,+1.67092E+00
+13.12500E+00,+1.66926E+00
+13.15000E+00,+1.67011E+00
+13.17500E+00,+1.66961E+00
+13.20000E+00,+1.67062E+00
+13.22500E+00,+1.67087E+00
+13.25000E+00,+1.66901E+00
+13.27500E+00,+1.67042E+00
+13.30000E+00,+1.67147E+00
+13.32500E+00,+1.66961E+00
+13.35000E+00,+1.67067E+00
+13.37500E+00,+1.67077E+00
+13.40000E+00,+1.66891E+00
+13.42500E+00,+1.66926E+00
+13.45000E+00,+1.67157E+00
+13.47500E+00,+1.66956E+00
+13.50000E+00,+1.67077E+00
+13.52500E+00,+1.66996E+00
+13.55000E+00,+1.67052E+00
+13.57500E+00,+1.67052E+00
+13.60000E+00,+1.67172E+00
+13.62500E+00,+1.67127E+00
+13.65000E+00,+1.67293E+00
+13.67500E+00,+1.67177E+00
+13.70000E+00,+1.67092E+00
+13.72500E+00,+1.67157E+00
+13.75000E+00,+1.67177E+00
+13.77500E+00,+1.67092E+00
+13.80000E+00,+1.67268E+00
+13.82500E+00,+1.67042E+00
+13.85000E+00,+1.67187E+00
+13.87500E+00,+1.67152E+00
+13.90000E+00,+1.67052E+00
+13.92500E+00,+1.66971E+00
+13.95000E+00,+1.67107E+00
+13.97500E+00,+1.67037E+00
+14.00000E+00,+1.66976E+00
+14.02500E+00,+1.67117E+00
+14.05000E+00,+1.66831E+00
+14.07500E+00,+1.66831E+00
+14.10000E+00,+1.67117E+00
+14.12500E+00,+1.66951E+00
+14.15000E+00,+1.67037E+00
+14.17500E+00,+1.67016E+00
+14.20000E+00,+1.67052E+00
+14.22500E+00,+1.66941E+00
+14.25000E+00,+1.67127E+00
+14.27500E+00,+1.66971E+00
+14.30000E+00,+1.67112E+00
+14.32500E+00,+1.67097E+00
+14.35000E+00,+1.66986E+00
+14.37500E+00,+1.67052E+00
+14.40000E+00,+1.67137E+00
+14.42500E+00,+1.66966E+00
+14.45000E+00,+1.67057E+00
+14.47500E+00,+1.67212E+00
+14.50000E+00,+1.67152E+00
+14.52500E+00,+1.67419E+00
+14.55000E+00,+1.67524E+00
+14.57500E+00,+1.67429E+00
+14.60000E+00,+1.67625E+00
+14.62500E+00,+1.67630E+00
+14.65000E+00,+1.67549E+00
+14.67500E+00,+1.67805E+00
+14.70000E+00,+1.68519E+00
+14.72500E+00,+1.69439E+00
+14.75000E+00,+1.70293E+00
+14.77500E+00,+1.70986E+00
+14.80000E+00,+1.72182E+00
+14.82500E+00,+1.72971E+00
+14.85000E+00,+1.74313E+00
+14.87500E+00,+1.75343E+00
+14.90000E+00,+1.76660E+00
+14.92500E+00,+1.77981E+00
+14.95000E+00,+1.79564E+00
+14.97500E+00,+1.81037E+00
+15.00000E+00,+1.82504E+00
+15.02500E+00,+1.84243E+00
+15.05000E+00,+1.86700E+00
+15.07500E+00,+1.88228E+00
+15.10000E+00,+1.90358E+00
+15.12500E+00,+1.92152E+00
+15.15000E+00,+1.95087E+00
+15.17500E+00,+1.96434E+00
+15.20000E+00,+1.98499E+00
+15.22500E+00,+2.00594E+00
+15.25000E+00,+2.02001E+00
+15.27500E+00,+2.04016E+00
+15.30000E+00,+2.05961E+00
+15.32500E+00,+2.08228E+00
+15.35000E+00,+2.09836E+00
+15.37500E+00,+2.11574E+00
+15.40000E+00,+2.13112E+00
+15.42500E+00,+2.14826E+00
+15.45000E+00,+2.16343E+00
+15.47500E+00,+2.17429E+00
+15.50000E+00,+2.19087E+00
+15.52500E+00,+2.19986E+00
+15.55000E+00,+2.21062E+00
+15.57500E+00,+2.21655E+00
+15.60000E+00,+2.22620E+00
+15.62500E+00,+2.23459E+00
+15.65000E+00,+2.24238E+00
+15.67500E+00,+2.24288E+00
+15.70000E+00,+2.24474E+00
+15.72500E+00,+2.24534E+00
+15.75000E+00,+2.24891E+00
+15.77500E+00,+2.24700E+00
+15.80000E+00,+2.24685E+00
+15.82500E+00,+2.24444E+00
+15.85000E+00,+2.24464E+00
+15.87500E+00,+2.24313E+00
+15.90000E+00,+2.24177E+00
+15.92500E+00,+2.24067E+00
+15.95000E+00,+2.24318E+00
+15.97500E+00,+2.23961E+00
+16.00000E+00,+2.23785E+00
+16.02500E+00,+2.23348E+00
+16.05000E+00,+2.23047E+00
+16.07500E+00,+2.22705E+00
+16.10000E+00,+2.22454E+00
+16.12500E+00,+2.22052E+00
+16.15000E+00,+2.21986E+00
+16.17500E+00,+2.21640E+00
+16.20000E+00,+2.21614E+00
+16.22500E+00,+2.21534E+00
+16.25000E+00,+2.21323E+00
+16.27500E+00,+2.21027E+00
+16.30000E+00,+2.21454E+00
+16.32500E+00,+2.21253E+00
+16.35000E+00,+2.21413E+00
+16.37500E+00,+2.21323E+00
+16.40000E+00,+2.21449E+00
+16.42500E+00,+2.21479E+00
+16.45000E+00,+2.21524E+00
+16.47500E+00,+2.21419E+00
+16.50000E+00,+2.21398E+00
+16.52500E+00,+2.21484E+00
+16.55000E+00,+2.21459E+00
+16.57500E+00,+2.21238E+00
+16.60000E+00,+2.21484E+00
+16.62500E+00,+2.21474E+00
+16.65000E+00,+2.21348E+00
+16.67500E+00,+2.21469E+00
+16.70000E+00,+2.21464E+00
+16.72500E+00,+2.21217E+00
+16.75000E+00,+2.21499E+00
+16.77500E+00,+2.21504E+00
+16.80000E+00,+2.21499E+00
+16.82500E+00,+2.21499E+00
+16.85000E+00,+2.21489E+00
+16.87500E+00,+2.21449E+00
+16.90000E+00,+2.21534E+00
+16.92500E+00,+2.21358E+00
+16.95000E+00,+2.21393E+00
+16.97500E+00,+2.21313E+00
+17.00000E+00,+2.21273E+00
+17.02500E+00,+2.21318E+00
+17.05000E+00,+2.21419E+00
+17.07500E+00,+2.21268E+00
+17.10000E+00,+2.21408E+00
+17.12500E+00,+2.21273E+00
+17.15000E+00,+2.21323E+00
+17.17500E+00,+2.21197E+00
+17.20000E+00,+2.21283E+00
+17.22500E+00,+2.21162E+00
+17.25000E+00,+2.21424E+00
+17.27500E+00,+2.21157E+00
+17.30000E+00,+2.21358E+00
+17.32500E+00,+2.21197E+00
+17.35000E+00,+2.21559E+00
+17.37500E+00,+2.21273E+00
+17.40000E+00,+2.21519E+00
+17.42500E+00,+2.21333E+00
+17.45000E+00,+2.21444E+00
+17.47500E+00,+2.21408E+00
+17.50000E+00,+2.21449E+00
+17.52500E+00,+2.21383E+00
+17.55000E+00,+2.21454E+00
+17.57500E+00,+2.21439E+00
+17.60000E+00,+2.21413E+00
+17.62500E+00,+2.21398E+00
+17.65000E+00,+2.21449E+00
+17.67500E+00,+2.21228E+00
+17.70000E+00,+2.21378E+00
+17.72500E+00,+2.21419E+00
+17.75000E+00,+2.21273E+00
+17.77500E+00,+2.21358E+00
+17.80000E+00,+2.21343E+00
+17.82500E+00,+2.21228E+00
+17.85000E+00,+2.21388E+00
+17.87500E+00,+2.21474E+00
+17.90000E+00,+2.21293E+00
+17.92500E+00,+2.21469E+00
+17.95000E+00,+2.21464E+00
+17.97500E+00,+2.21449E+00
+18.00000E+00,+2.21524E+00
+18.02500E+00,+2.21459E+00
+18.05000E+00,+2.21504E+00
+18.07500E+00,+2.21579E+00
+18.10000E+00,+2.21258E+00
+18.12500E+00,+2.21323E+00
+18.15000E+00,+2.21534E+00
+18.17500E+00,+2.21363E+00
+18.20000E+00,+2.21393E+00
+18.22500E+00,+2.21072E+00
+18.25000E+00,+2.21323E+00
+18.27500E+00,+2.21077E+00
+18.30000E+00,+2.21373E+00
+18.32500E+00,+2.21212E+00
+18.35000E+00,+2.21368E+00
+18.37500E+00,+2.21248E+00
+18.40000E+00,+2.21353E+00
+18.42500E+00,+2.21177E+00
+18.45000E+00,+2.21187E+00
+18.47500E+00,+2.21102E+00
+18.50000E+00,+2.21147E+00
+18.52500E+00,+2.21142E+00
+18.55000E+00,+2.21197E+00
+18.57500E+00,+2.21087E+00
+18.60000E+00,+2.21192E+00
+18.62500E+00,+2.20921E+00
+18.65000E+00,+2.21233E+00
+18.67500E+00,+2.21072E+00
+18.70000E+00,+2.21197E+00
+18.72500E+00,+2.21197E+00
+18.75000E+00,+2.21197E+00
+18.77500E+00,+2.21027E+00
+18.80000E+00,+2.21454E+00
+18.82500E+00,+2.21062E+00
+18.85000E+00,+2.21243E+00
+18.87500E+00,+2.21072E+00
+18.90000E+00,+2.21197E+00
+18.92500E+00,+2.21117E+00
+18.95000E+00,+2.21273E+00
+18.97500E+00,+2.21042E+00
+19.00000E+00,+2.21172E+00
+19.02500E+00,+2.21107E+00
+19.05000E+00,+2.21092E+00
+19.07500E+00,+2.20986E+00
+19.10000E+00,+2.21137E+00
+19.12500E+00,+2.21223E+00
+19.15000E+00,+2.21042E+00
+19.17500E+00,+2.21092E+00
+19.20000E+00,+2.21087E+00
+19.22500E+00,+2.21077E+00
+19.25000E+00,+2.21172E+00
+19.27500E+00,+2.21082E+00
+19.30000E+00,+2.21067E+00
+19.32500E+00,+2.21202E+00
+19.35000E+00,+2.21238E+00
+19.37500E+00,+2.21072E+00
+19.40000E+00,+2.21283E+00
+19.42500E+00,+2.21072E+00
+19.45000E+00,+2.21072E+00
+19.47500E+00,+2.21152E+00
+19.50000E+00,+2.21097E+00
+19.52500E+00,+2.20951E+00
+19.55000E+00,+2.21293E+00
+19.57500E+00,+2.21107E+00
+19.60000E+00,+2.21197E+00
+19.62500E+00,+2.21147E+00
+19.65000E+00,+2.21197E+00
+19.67500E+00,+2.21082E+00
+19.70000E+00,+2.21419E+00
+19.72500E+00,+2.21132E+00
+19.75000E+00,+2.21348E+00
+19.77500E+00,+2.21072E+00
+19.80000E+00,+2.21288E+00
+19.82500E+00,+2.21197E+00
+19.85000E+00,+2.21434E+00
+19.87500E+00,+2.21047E+00
+19.90000E+00,+2.21439E+00
+19.92500E+00,+2.21202E+00
+19.95000E+00,+2.21238E+00
+19.97500E+00,+2.21303E+00
+20.00000E+00,+2.21197E+00
+20.02500E+00,+2.20921E+00
+20.05000E+00,+2.21328E+00
+20.07500E+00,+2.20876E+00
+20.10000E+00,+2.21207E+00
+20.12500E+00,+2.21072E+00
+20.15000E+00,+2.21197E+00
+20.17500E+00,+2.21117E+00
+20.20000E+00,+2.21273E+00
+20.22500E+00,+2.20986E+00
+20.25000E+00,+2.21047E+00
+20.27500E+00,+2.21042E+00
+20.30000E+00,+2.20966E+00
+20.32500E+00,+2.20861E+00
+20.35000E+00,+2.21077E+00
+20.37500E+00,+2.20971E+00
+20.40000E+00,+2.20846E+00
+20.42500E+00,+2.20966E+00
+20.45000E+00,+2.21072E+00
+20.47500E+00,+2.20826E+00
+20.50000E+00,+2.20770E+00
+20.52500E+00,+2.20579E+00
+20.55000E+00,+2.20378E+00
+20.57500E+00,+2.20112E+00
+20.60000E+00,+2.19730E+00
+20.62500E+00,+2.19187E+00
+20.65000E+00,+2.18896E+00
+20.67500E+00,+2.17589E+00
+20.70000E+00,+2.16926E+00
+20.72500E+00,+2.16037E+00
+20.75000E+00,+2.14740E+00
+20.77500E+00,+2.13655E+00
+20.80000E+00,+2.12514E+00
+20.82500E+00,+2.11142E+00
+20.85000E+00,+2.09961E+00
+20.87500E+00,+2.08509E+00
+20.90000E+00,+2.07067E+00
+20.92500E+00,+2.04459E+00
+20.95000E+00,+2.03358E+00
+20.97500E+00,+2.01434E+00
+21.00000E+00,+2.00368E+00
+21.02500E+00,+1.98378E+00
+21.05000E+00,+1.96449E+00
+21.07500E+00,+1.94881E+00
+21.10000E+00,+1.92695E+00
+21.12500E+00,+1.90569E+00
+21.15000E+00,+1.88705E+00
+21.17500E+00,+1.86976E+00
+21.20000E+00,+1.84896E+00
+21.22500E+00,+1.82780E+00
+21.25000E+00,+1.81499E+00
+21.27500E+00,+1.79589E+00
+21.30000E+00,+1.78022E+00
+21.32500E+00,+1.76273E+00
+21.35000E+00,+1.74795E+00
+21.37500E+00,+1.73333E+00
+21.40000E+00,+1.71810E+00
+21.42500E+00,+1.70534E+00
+21.45000E+00,+1.68790E+00
+21.47500E+00,+1.67650E+00
+21.50000E+00,+1.66248E+00
+21.52500E+00,+1.65233E+00
+21.55000E+00,+1.64529E+00
+21.57500E+00,+1.63469E+00
+21.60000E+00,+1.62625E+00
+21.62500E+00,+1.62102E+00
+21.65000E+00,+1.61690E+00
+21.67500E+00,+1.61328E+00
+21.70000E+00,+1.61132E+00
+21.72500E+00,+1.60906E+00
+21.75000E+00,+1.60996E+00
+21.77500E+00,+1.61112E+00
+21.80000E+00,+1.61328E+00
+21.82500E+00,+1.61569E+00
+21.85000E+00,+1.61815E+00
+21.87500E+00,+1.61901E+00
+21.90000E+00,+1.62449E+00
+21.92500E+00,+1.62655E+00
+21.95000E+00,+1.63162E+00
+21.97500E+00,+1.63660E+00
+22.00000E+00,+1.64162E+00
+22.02500E+00,+1.64544E+00
+22.05000E+00,+1.65107E+00
+22.07500E+00,+1.65273E+00
+22.10000E+00,+1.65645E+00
+22.12500E+00,+1.65871E+00
+22.15000E+00,+1.66358E+00
+22.17500E+00,+1.67167E+00
+22.20000E+00,+1.67534E+00
+22.22500E+00,+1.67489E+00
+22.25000E+00,+1.67881E+00
+22.27500E+00,+1.67876E+00
+22.30000E+00,+1.68182E+00
+22.32500E+00,+1.68197E+00
+22.35000E+00,+1.68790E+00
+22.37500E+00,+1.68660E+00
+22.40000E+00,+1.69303E+00
+22.42500E+00,+1.69132E+00
+22.45000E+00,+1.69559E+00
+22.47500E+00,+1.69459E+00
+22.50000E+00,+1.69690E+00
+22.52500E+00,+1.69625E+00
+22.55000E+00,+1.69695E+00
+22.57500E+00,+1.69685E+00
+22.60000E+00,+1.69574E+00
+22.62500E+00,+1.69539E+00
+22.65000E+00,+1.69685E+00
+22.67500E+00,+1.69579E+00
+22.70000E+00,+1.69620E+00
+22.72500E+00,+1.69675E+00
+22.75000E+00,+1.69489E+00
+22.77500E+00,+1.69564E+00
+22.80000E+00,+1.69574E+00
+22.82500E+00,+1.69469E+00
+22.85000E+00,+1.69660E+00
+22.87500E+00,+1.69514E+00
+22.90000E+00,+1.69675E+00
+22.92500E+00,+1.69564E+00
+22.95000E+00,+1.69675E+00
+22.97500E+00,+1.69454E+00
+23.00000E+00,+1.69715E+00
+23.02500E+00,+1.69449E+00
+23.05000E+00,+1.69554E+00
+23.07500E+00,+1.69444E+00
+23.10000E+00,+1.69584E+00
+23.12500E+00,+1.69439E+00
+23.15000E+00,+1.69630E+00
+23.17500E+00,+1.69434E+00
+23.20000E+00,+1.69509E+00
+23.22500E+00,+1.69393E+00
+23.25000E+00,+1.69564E+00
+23.27500E+00,+1.69434E+00
+23.30000E+00,+1.69645E+00
+23.32500E+00,+1.69474E+00
+23.35000E+00,+1.69509E+00
+23.37500E+00,+1.69464E+00
+23.40000E+00,+1.69499E+00
+23.42500E+00,+1.69439E+00
+23.45000E+00,+1.69660E+00
+23.47500E+00,+1.69373E+00
+23.50000E+00,+1.69464E+00
+23.52500E+00,+1.69383E+00
+23.55000E+00,+1.69529E+00
+23.57500E+00,+1.69328E+00
+23.60000E+00,+1.69675E+00
+23.62500E+00,+1.69263E+00
+23.65000E+00,+1.69599E+00
+23.67500E+00,+1.69378E+00
+23.70000E+00,+1.69479E+00
+23.72500E+00,+1.69439E+00
+23.75000E+00,+1.69564E+00
+23.77500E+00,+1.69373E+00
+23.80000E+00,+1.69655E+00
+23.82500E+00,+1.69434E+00
+23.85000E+00,+1.69609E+00
+23.87500E+00,+1.69439E+00
+23.90000E+00,+1.69564E+00
+23.92500E+00,+1.69484E+00
+23.95000E+00,+1.69584E+00
+23.97500E+00,+1.69549E+00
+24.00000E+00,+1.69464E+00
+24.02500E+00,+1.69534E+00
+24.05000E+00,+1.69564E+00
+24.07500E+00,+1.69343E+00
+24.10000E+00,+1.69630E+00
+24.12500E+00,+1.69489E+00
+24.15000E+00,+1.69564E+00
+24.17500E+00,+1.69564E+00
+24.20000E+00,+1.69660E+00
+24.22500E+00,+1.69333E+00
+24.25000E+00,+1.69614E+00
+24.27500E+00,+1.69449E+00
+24.30000E+00,+1.69620E+00
+24.32500E+00,+1.69358E+00
+24.35000E+00,+1.69584E+00
+24.37500E+00,+1.69313E+00
+24.40000E+00,+1.69630E+00
+24.42500E+00,+1.69519E+00
+24.45000E+00,+1.69569E+00
+24.47500E+00,+1.69519E+00
+24.50000E+00,+1.69464E+00
+24.52500E+00,+1.69318E+00
+24.55000E+00,+1.69645E+00
+24.57500E+00,+1.69383E+00
+24.60000E+00,+1.69579E+00
+24.62500E+00,+1.69313E+00
+24.65000E+00,+1.69534E+00
+24.67500E+00,+1.69323E+00
+24.70000E+00,+1.69650E+00
+24.72500E+00,+1.69499E+00
+24.75000E+00,+1.69614E+00
+24.77500E+00,+1.69454E+00
+24.80000E+00,+1.69690E+00
+24.82500E+00,+1.69564E+00
+24.85000E+00,+1.69805E+00
+24.87500E+00,+1.69589E+00
+24.90000E+00,+1.69645E+00
+24.92500E+00,+1.69630E+00
+24.95000E+00,+1.69650E+00
+24.97500E+00,+1.69690E+00
+25.00000E+00,+1.69690E+00
+25.02500E+00,+1.69479E+00
+25.05000E+00,+1.69695E+00
+25.07500E+00,+1.69439E+00
+25.10000E+00,+1.69484E+00
+25.12500E+00,+1.69439E+00
+25.15000E+00,+1.69554E+00
+25.17500E+00,+1.69358E+00
+25.20000E+00,+1.69549E+00
+25.22500E+00,+1.69479E+00
+25.25000E+00,+1.69539E+00
+25.27500E+00,+1.69439E+00
+25.30000E+00,+1.69554E+00
+25.32500E+00,+1.69469E+00
+25.35000E+00,+1.69599E+00
+25.37500E+00,+1.69413E+00
+25.40000E+00,+1.69479E+00
+25.42500E+00,+1.69403E+00
+25.45000E+00,+1.69549E+00
+25.47500E+00,+1.69323E+00
+25.50000E+00,+1.69514E+00
+25.52500E+00,+1.69403E+00
+25.55000E+00,+1.69494E+00
+25.57500E+00,+1.69358E+00
+25.60000E+00,+1.69459E+00
+25.62500E+00,+1.69313E+00
+25.65000E+00,+1.69398E+00
+25.67500E+00,+1.69393E+00
+25.70000E+00,+1.69449E+00
+25.72500E+00,+1.69348E+00
+25.75000E+00,+1.69464E+00
+25.77500E+00,+1.69318E+00
+25.80000E+00,+1.69534E+00
+25.82500E+00,+1.69383E+00
+25.85000E+00,+1.69469E+00
+25.87500E+00,+1.69288E+00
+25.90000E+00,+1.69469E+00
+25.92500E+00,+1.69323E+00
+25.95000E+00,+1.69544E+00
+25.97500E+00,+1.69373E+00
+26.00000E+00,+1.69388E+00
+26.02500E+00,+1.69313E+00
+26.05000E+00,+1.69439E+00
+26.07500E+00,+1.69328E+00
+26.10000E+00,+1.69675E+00
+26.12500E+00,+1.69363E+00
+26.15000E+00,+1.69599E+00
+26.17500E+00,+1.69504E+00
+26.20000E+00,+1.69564E+00
+26.22500E+00,+1.69459E+00
+26.25000E+00,+1.69690E+00
+26.27500E+00,+1.69373E+00
+26.30000E+00,+1.69695E+00
+26.32500E+00,+1.69559E+00
+26.35000E+00,+1.69815E+00
+26.37500E+00,+1.69916E+00
+26.40000E+00,+1.70308E+00
+26.42500E+00,+1.70333E+00
+26.45000E+00,+1.70841E+00
+26.47500E+00,+1.71449E+00
+26.50000E+00,+1.71926E+00
+26.52500E+00,+1.72419E+00
+26.55000E+00,+1.73469E+00
+26.57500E+00,+1.74107E+00
+26.60000E+00,+1.75444E+00
+26.62500E+00,+1.76097E+00
+26.65000E+00,+1.77268E+00
+26.67500E+00,+1.78373E+00
+26.70000E+00,+1.79896E+00
+26.72500E+00,+1.81001E+00
+26.75000E+00,+1.82152E+00
+26.77500E+00,+1.83715E+00
+26.80000E+00,+1.85630E+00
+26.82500E+00,+1.87107E+00
+26.85000E+00,+1.88700E+00
+26.87500E+00,+1.90042E+00
+26.90000E+00,+1.91931E+00
+26.92500E+00,+1.93564E+00
+26.95000E+00,+1.95700E+00
+26.97500E+00,+1.96620E+00
+27.00000E+00,+1.98484E+00
+27.02500E+00,+1.99861E+00
+27.05000E+00,+2.01258E+00
+27.07500E+00,+2.02353E+00
+27.10000E+00,+2.03891E+00
+27.12500E+00,+2.04790E+00
+27.15000E+00,+2.07062E+00
+27.17500E+00,+2.08037E+00
+27.20000E+00,+2.09107E+00
+27.22500E+00,+2.09986E+00
+27.25000E+00,+2.11172E+00
+27.27500E+00,+2.12011E+00
+27.30000E+00,+2.12690E+00
+27.32500E+00,+2.13343E+00
+27.35000E+00,+2.14640E+00
+27.37500E+00,+2.14589E+00
+27.40000E+00,+2.15408E+00
+27.42500E+00,+2.15604E+00
+27.45000E+00,+2.15921E+00
+27.47500E+00,+2.16212E+00
+27.50000E+00,+2.16549E+00
+27.52500E+00,+2.16253E+00
+27.55000E+00,+2.16594E+00
+27.57500E+00,+2.16293E+00
+27.60000E+00,+2.16298E+00
+27.62500E+00,+2.16072E+00
+27.65000E+00,+2.16162E+00
+27.67500E+00,+2.15841E+00
+27.70000E+00,+2.15906E+00
+27.72500E+00,+2.15780E+00
+27.75000E+00,+2.15720E+00
+27.77500E+00,+2.15544E+00
+27.80000E+00,+2.15650E+00
+27.82500E+00,+2.15323E+00
+27.85000E+00,+2.15388E+00
+27.87500E+00,+2.15393E+00
+27.90000E+00,+2.15474E+00
+27.92500E+00,+2.15293E+00
+27.95000E+00,+2.15640E+00
+27.97500E+00,+2.15424E+00
+28.00000E+00,+2.15620E+00
+28.02500E+00,+2.15464E+00
+28.05000E+00,+2.15670E+00
+28.07500E+00,+2.15584E+00
+28.10000E+00,+2.15775E+00
+28.12500E+00,+2.15419E+00
+28.15000E+00,+2.15861E+00
+28.17500E+00,+2.15459E+00
+28.20000E+00,+2.15670E+00
+28.22500E+00,+2.15464E+00
+28.25000E+00,+2.15720E+00
+28.27500E+00,+2.15308E+00
+28.30000E+00,+2.15750E+00
+28.32500E+00,+2.15363E+00
+28.35000E+00,+2.15614E+00
+28.37500E+00,+2.15419E+00
+28.40000E+00,+2.15579E+00
+28.42500E+00,+2.15187E+00
+28.45000E+00,+2.15514E+00
+28.47500E+00,+2.15037E+00
+28.50000E+00,+2.15494E+00
+28.52500E+00,+2.15238E+00
+28.55000E+00,+2.15383E+00
+28.57500E+00,+2.15197E+00
+28.60000E+00,+2.15283E+00
+28.62500E+00,+2.15217E+00
+28.65000E+00,+2.15328E+00
+28.67500E+00,+2.15167E+00
+28.70000E+00,+2.15338E+00
+28.72500E+00,+2.15187E+00
+28.75000E+00,+2.15293E+00
+28.77500E+00,+2.15102E+00
+28.80000E+00,+2.15127E+00
+28.82500E+00,+2.15167E+00
+28.85000E+00,+2.15373E+00
+28.87500E+00,+2.15192E+00
+28.90000E+00,+2.15408E+00
+28.92500E+00,+2.15323E+00
+28.95000E+00,+2.15348E+00
+28.97500E+00,+2.15278E+00
+29.00000E+00,+2.15368E+00
+29.02500E+00,+2.15137E+00
+29.05000E+00,+2.15398E+00
+29.07500E+00,+2.15187E+00
+29.10000E+00,+2.15263E+00
+29.12500E+00,+2.15343E+00
+29.15000E+00,+2.15419E+00
+29.17500E+00,+2.15293E+00
+29.20000E+00,+2.15388E+00
+29.22500E+00,+2.15177E+00
+29.25000E+00,+2.15393E+00
+29.27500E+00,+2.15212E+00
+29.30000E+00,+2.15353E+00
+29.32500E+00,+2.15207E+00
+29.35000E+00,+2.15398E+00
+29.37500E+00,+2.15167E+00
+29.40000E+00,+2.15398E+00
+29.42500E+00,+2.15293E+00
+29.45000E+00,+2.15358E+00
+29.47500E+00,+2.15212E+00
+29.50000E+00,+2.15494E+00
+29.52500E+00,+2.15177E+00
+29.55000E+00,+2.15514E+00
+29.57500E+00,+2.15238E+00
+29.60000E+00,+2.15278E+00
+29.62500E+00,+2.15142E+00
+29.65000E+00,+2.15454E+00
+29.67500E+00,+2.14956E+00
+29.70000E+00,+2.15524E+00
+29.72500E+00,+2.15293E+00
+29.75000E+00,+2.15419E+00
+29.77500E+00,+2.15223E+00
+29.80000E+00,+2.15474E+00
+29.82500E+00,+2.15197E+00
+29.85000E+00,+2.15408E+00
+29.87500E+00,+2.15318E+00
+29.90000E+00,+2.15373E+00
+29.92500E+00,+2.15228E+00
+29.95000E+00,+2.15378E+00
+29.97500E+00,+2.15207E+00
+30.00000E+00,+2.15419E+00
+30.02500E+00,+2.15293E+00
+30.05000E+00,+2.15293E+00
+30.07500E+00,+2.15233E+00
+30.10000E+00,+2.15373E+00
+30.12500E+00,+2.15117E+00
+30.15000E+00,+2.15529E+00
+30.17500E+00,+2.15308E+00
+30.20000E+00,+2.15383E+00
+30.22500E+00,+2.15293E+00
+30.25000E+00,+2.15544E+00
+30.27500E+00,+2.15323E+00
+30.30000E+00,+2.15640E+00
+30.32500E+00,+2.15303E+00
+30.35000E+00,+2.15514E+00
+30.37500E+00,+2.15343E+00
+30.40000E+00,+2.15434E+00
+30.42500E+00,+2.15238E+00
+30.45000E+00,+2.15625E+00
+30.47500E+00,+2.15298E+00
+30.50000E+00,+2.15519E+00
+30.52500E+00,+2.15293E+00
+30.55000E+00,+2.15419E+00
+30.57500E+00,+2.15207E+00
+30.60000E+00,+2.15484E+00
+30.62500E+00,+2.15042E+00
+30.65000E+00,+2.15398E+00
+30.67500E+00,+2.15207E+00
+30.70000E+00,+2.15353E+00
+30.72500E+00,+2.15258E+00
+30.75000E+00,+2.15594E+00
+30.77500E+00,+2.15062E+00
+30.80000E+00,+2.15625E+00
+30.82500E+00,+2.15202E+00
+30.85000E+00,+2.15223E+00
+30.87500E+00,+2.15092E+00
+30.90000E+00,+2.15328E+00
+30.92500E+00,+2.15072E+00
+30.95000E+00,+2.15524E+00
+30.97500E+00,+2.15197E+00
+31.00000E+00,+2.15293E+00
+31.02500E+00,+2.15223E+00
+31.05000E+00,+2.15439E+00
+31.07500E+00,+2.14976E+00
+31.10000E+00,+2.15408E+00
+31.12500E+00,+2.15192E+00
+31.15000E+00,+2.15212E+00
+31.17500E+00,+2.15228E+00
+31.20000E+00,+2.15338E+00
+31.22500E+00,+2.15122E+00
+31.25000E+00,+2.15544E+00
+31.27500E+00,+2.15167E+00
+31.30000E+00,+2.15293E+00
+31.32500E+00,+2.15233E+00
+31.35000E+00,+2.15328E+00
+31.37500E+00,+2.15142E+00
+31.40000E+00,+2.15529E+00
+31.42500E+00,+2.15197E+00
+31.45000E+00,+2.15383E+00
+31.47500E+00,+2.15293E+00
+31.50000E+00,+2.15368E+00
+31.52500E+00,+2.15228E+00
+31.55000E+00,+2.15630E+00
+31.57500E+00,+2.15197E+00
+31.60000E+00,+2.15388E+00
+31.62500E+00,+2.15293E+00
+31.65000E+00,+2.15293E+00
+31.67500E+00,+2.15202E+00
+31.70000E+00,+2.15499E+00
+31.72500E+00,+2.14936E+00
+31.75000E+00,+2.15494E+00
+31.77500E+00,+2.15212E+00
+31.80000E+00,+2.15419E+00
+31.82500E+00,+2.15207E+00
+31.85000E+00,+2.15484E+00
+31.87500E+00,+2.14916E+00
+31.90000E+00,+2.15378E+00
+31.92500E+00,+2.15207E+00
+31.95000E+00,+2.15419E+00
+31.97500E+00,+2.15212E+00
+32.00000E+00,+2.15469E+00
+32.02500E+00,+2.15062E+00
+32.05000E+00,+2.15514E+00
+32.07500E+00,+2.15112E+00
+32.10000E+00,+2.15293E+00
+32.12500E+00,+2.15142E+00
+32.15000E+00,+2.15233E+00
+32.17500E+00,+2.15062E+00
+32.20000E+00,+2.15273E+00
+32.22500E+00,+2.14851E+00
+32.25000E+00,+2.15042E+00
+32.27500E+00,+2.14720E+00
+32.30000E+00,+2.14524E+00
+32.32500E+00,+2.13941E+00
+32.35000E+00,+2.14027E+00
+32.37500E+00,+2.12881E+00
+32.40000E+00,+2.12574E+00
+32.42500E+00,+2.11775E+00
+32.45000E+00,+2.11027E+00
+32.47500E+00,+2.09765E+00
+32.50000E+00,+2.09137E+00
+32.52500E+00,+2.07604E+00
+32.55000E+00,+2.06323E+00
+32.57500E+00,+2.04047E+00
+32.60000E+00,+2.02916E+00
+32.62500E+00,+2.01223E+00
+32.65000E+00,+2.00313E+00
+32.67500E+00,+1.98283E+00
+32.70000E+00,+1.96519E+00
+32.72500E+00,+1.94896E+00
+32.75000E+00,+1.92504E+00
+32.77500E+00,+1.90454E+00
+32.80000E+00,+1.88599E+00
+32.82500E+00,+1.86574E+00
+32.85000E+00,+1.84162E+00
+32.87500E+00,+1.81976E+00
+32.90000E+00,+1.80358E+00
+32.92500E+00,+1.78072E+00
+32.95000E+00,+1.76228E+00
+32.97500E+00,+1.74102E+00
+33.00000E+00,+1.72127E+00
+33.02500E+00,+1.70202E+00
+33.05000E+00,+1.67815E+00
+33.07500E+00,+1.65544E+00
+33.10000E+00,+1.64358E+00
+33.12500E+00,+1.61775E+00
+33.15000E+00,+1.60434E+00
+33.17500E+00,+1.58172E+00
+33.20000E+00,+1.57243E+00
+33.22500E+00,+1.55745E+00
+33.25000E+00,+1.54740E+00
+33.27500E+00,+1.53117E+00
+33.30000E+00,+1.52730E+00
+33.32500E+00,+1.51795E+00
+33.35000E+00,+1.50956E+00
+33.37500E+00,+1.50268E+00
+33.40000E+00,+1.50097E+00
+33.42500E+00,+1.49620E+00
+33.45000E+00,+1.49841E+00
+33.47500E+00,+1.49715E+00
+33.50000E+00,+1.50016E+00
+33.52500E+00,+1.50132E+00
+33.55000E+00,+1.50398E+00
+33.57500E+00,+1.50514E+00
+33.60000E+00,+1.51328E+00
+33.62500E+00,+1.51851E+00
+33.65000E+00,+1.52559E+00
+33.67500E+00,+1.52660E+00
+33.70000E+00,+1.53233E+00
+33.72500E+00,+1.53544E+00
+33.75000E+00,+1.54238E+00
+33.77500E+00,+1.54700E+00
+33.80000E+00,+1.55197E+00
+33.82500E+00,+1.55815E+00
+33.85000E+00,+1.56328E+00
+33.87500E+00,+1.56599E+00
+33.90000E+00,+1.57243E+00
+33.92500E+00,+1.57378E+00
+33.95000E+00,+1.57755E+00
+33.97500E+00,+1.57896E+00
+34.00000E+00,+1.58408E+00
+34.02500E+00,+1.58253E+00
+34.05000E+00,+1.58730E+00
+34.07500E+00,+1.58635E+00
+34.10000E+00,+1.58886E+00
+34.12500E+00,+1.58911E+00
+34.15000E+00,+1.59152E+00
+34.17500E+00,+1.58956E+00
+34.20000E+00,+1.59454E+00
+34.22500E+00,+1.59016E+00
+34.25000E+00,+1.59263E+00
+34.27500E+00,+1.59011E+00
+34.30000E+00,+1.59082E+00
+34.32500E+00,+1.58841E+00
+34.35000E+00,+1.59182E+00
+34.37500E+00,+1.58760E+00
+34.40000E+00,+1.59011E+00
+34.42500E+00,+1.58800E+00
+34.45000E+00,+1.59072E+00
+34.47500E+00,+1.58976E+00
+34.50000E+00,+1.59087E+00
+34.52500E+00,+1.59022E+00
+34.55000E+00,+1.59373E+00
+34.57500E+00,+1.59047E+00
+34.60000E+00,+1.59248E+00
+34.62500E+00,+1.59238E+00
+34.65000E+00,+1.59328E+00
+34.67500E+00,+1.59157E+00
+34.70000E+00,+1.59378E+00
+34.72500E+00,+1.59107E+00
+34.75000E+00,+1.59238E+00
+34.77500E+00,+1.58996E+00
+34.80000E+00,+1.59248E+00
+34.82500E+00,+1.59057E+00
+34.85000E+00,+1.59137E+00
+34.87500E+00,+1.59137E+00
+34.90000E+00,+1.59182E+00
+34.92500E+00,+1.59067E+00
+34.95000E+00,+1.59268E+00
+34.97500E+00,+1.58966E+00
+35.00000E+00,+1.59263E+00
+35.02500E+00,+1.59137E+00
+35.05000E+00,+1.59132E+00
+35.07500E+00,+1.59142E+00
+35.10000E+00,+1.59207E+00
+35.12500E+00,+1.58986E+00
+35.15000E+00,+1.59243E+00
+35.17500E+00,+1.59011E+00
+35.20000E+00,+1.59172E+00
+35.22500E+00,+1.59082E+00
+35.25000E+00,+1.59238E+00
+35.27500E+00,+1.58976E+00
+35.30000E+00,+1.59358E+00
+35.32500E+00,+1.59022E+00
+35.35000E+00,+1.59137E+00
+35.37500E+00,+1.59087E+00
+35.40000E+00,+1.59152E+00
+35.42500E+00,+1.58991E+00
+35.45000E+00,+1.59343E+00
+35.47500E+00,+1.58901E+00
+35.50000E+00,+1.59263E+00
+35.52500E+00,+1.59047E+00
+35.55000E+00,+1.59142E+00
+35.57500E+00,+1.59006E+00
+35.60000E+00,+1.59308E+00
+35.62500E+00,+1.58886E+00
+35.65000E+00,+1.59243E+00
+35.67500E+00,+1.59057E+00
+35.70000E+00,+1.59197E+00
+35.72500E+00,+1.59102E+00
+35.75000E+00,+1.59313E+00
+35.77500E+00,+1.59022E+00
+35.80000E+00,+1.59137E+00
+35.82500E+00,+1.58976E+00
+35.85000E+00,+1.59122E+00
+35.87500E+00,+1.58986E+00
+35.90000E+00,+1.59172E+00
+35.92500E+00,+1.58916E+00
+35.95000E+00,+1.59137E+00
+35.97500E+00,+1.58981E+00
+36.00000E+00,+1.59062E+00
+36.02500E+00,+1.58996E+00
+36.05000E+00,+1.59067E+00
+36.07500E+00,+1.58916E+00
+36.10000E+00,+1.59137E+00
+36.12500E+00,+1.59011E+00
+36.15000E+00,+1.59102E+00
+36.17500E+00,+1.59072E+00
+36.20000E+00,+1.59142E+00
+36.22500E+00,+1.58946E+00
+36.25000E+00,+1.59263E+00
+36.27500E+00,+1.59137E+00
+36.30000E+00,+1.59132E+00
+36.32500E+00,+1.59207E+00
+36.35000E+00,+1.59172E+00
+36.37500E+00,+1.59062E+00
+36.40000E+00,+1.59248E+00
+36.42500E+00,+1.59027E+00
+36.45000E+00,+1.59172E+00
+36.47500E+00,+1.59152E+00
+36.50000E+00,+1.59162E+00
+36.52500E+00,+1.59072E+00
+36.55000E+00,+1.59358E+00
+36.57500E+00,+1.59137E+00
+36.60000E+00,+1.59167E+00
+36.62500E+00,+1.59162E+00
+36.65000E+00,+1.59152E+00
+36.67500E+00,+1.59117E+00
+36.70000E+00,+1.59343E+00
+36.72500E+00,+1.59016E+00
+36.75000E+00,+1.59263E+00
+36.77500E+00,+1.59172E+00
+36.80000E+00,+1.59268E+00
+36.82500E+00,+1.59217E+00
+36.85000E+00,+1.59454E+00
+36.87500E+00,+1.59011E+00
+36.90000E+00,+1.59514E+00
+36.92500E+00,+1.59434E+00
+36.95000E+00,+1.59635E+00
+36.97500E+00,+1.59479E+00
+37.00000E+00,+1.59589E+00
+37.02500E+00,+1.59283E+00
+37.05000E+00,+1.59640E+00
+37.07500E+00,+1.59569E+00
+37.10000E+00,+1.59625E+00
+37.12500E+00,+1.59539E+00
+37.15000E+00,+1.59579E+00
+37.17500E+00,+1.59534E+00
+37.20000E+00,+1.59650E+00
+37.22500E+00,+1.59579E+00
+37.25000E+00,+1.59564E+00
+37.27500E+00,+1.59554E+00
+37.30000E+00,+1.59660E+00
+37.32500E+00,+1.59419E+00
+37.35000E+00,+1.59640E+00
+37.37500E+00,+1.59514E+00
+37.40000E+00,+1.59604E+00
+37.42500E+00,+1.59569E+00
+37.45000E+00,+1.59645E+00
+37.47500E+00,+1.59429E+00
+37.50000E+00,+1.59640E+00
+37.52500E+00,+1.59514E+00
+37.55000E+00,+1.59594E+00
+37.57500E+00,+1.59519E+00
+37.60000E+00,+1.59504E+00
+37.62500E+00,+1.59439E+00
+37.65000E+00,+1.59509E+00
+37.67500E+00,+1.59499E+00
+37.70000E+00,+1.59549E+00
+37.72500E+00,+1.59529E+00
+37.75000E+00,+1.59489E+00
+37.77500E+00,+1.59449E+00
+37.80000E+00,+1.59620E+00
+37.82500E+00,+1.59504E+00
+37.85000E+00,+1.59449E+00
+37.87500E+00,+1.59413E+00
+37.90000E+00,+1.59474E+00
+37.92500E+00,+1.59494E+00
+37.95000E+00,+1.59499E+00
+37.97500E+00,+1.59509E+00
+38.00000E+00,+1.59539E+00
+38.02500E+00,+1.59504E+00
+38.05000E+00,+1.59524E+00
+38.07500E+00,+1.59509E+00
+38.10000E+00,+1.59599E+00
+38.12500E+00,+1.59640E+00
+38.15000E+00,+1.59700E+00
+38.17500E+00,+1.60107E+00
+38.20000E+00,+1.60514E+00
+38.22500E+00,+1.60745E+00
+38.25000E+00,+1.61599E+00
+38.27500E+00,+1.61795E+00
+38.30000E+00,+1.62529E+00
+38.32500E+00,+1.63519E+00
+38.35000E+00,+1.64554E+00
+38.37500E+00,+1.65243E+00
+38.40000E+00,+1.66202E+00
+38.42500E+00,+1.67574E+00
+38.45000E+00,+1.68539E+00
+38.47500E+00,+1.70323E+00
+38.50000E+00,+1.71700E+00
+38.52500E+00,+1.73233E+00
+38.55000E+00,+1.74625E+00
+38.57500E+00,+1.76172E+00
+38.60000E+00,+1.77841E+00
+38.62500E+00,+1.79690E+00
+38.65000E+00,+1.81122E+00
+38.67500E+00,+1.82614E+00
+38.70000E+00,+1.84554E+00
+38.72500E+00,+1.86750E+00
+38.75000E+00,+1.88157E+00
+38.77500E+00,+1.90047E+00
+38.80000E+00,+1.91720E+00
+38.82500E+00,+1.93896E+00
+38.85000E+00,+1.96072E+00
+38.87500E+00,+1.97027E+00
+38.90000E+00,+1.99217E+00
+38.92500E+00,+2.00675E+00
+38.95000E+00,+2.01996E+00
+38.97500E+00,+2.03584E+00
+39.00000E+00,+2.05217E+00
+39.02500E+00,+2.07212E+00
+39.05000E+00,+2.08760E+00
+39.07500E+00,+2.09871E+00
+39.10000E+00,+2.11494E+00
+39.12500E+00,+2.12579E+00
+39.15000E+00,+2.13841E+00
+39.17500E+00,+2.14931E+00
+39.20000E+00,+2.15841E+00
+39.22500E+00,+2.16790E+00
+39.25000E+00,+2.17554E+00
+39.27500E+00,+2.18333E+00
+39.30000E+00,+2.19132E+00
+39.32500E+00,+2.19177E+00
+39.35000E+00,+2.20006E+00
+39.37500E+00,+2.19941E+00
+39.40000E+00,+2.20192E+00
+39.42500E+00,+2.20278E+00
+39.45000E+00,+2.20187E+00
+39.47500E+00,+2.20032E+00
+39.50000E+00,+2.20142E+00
+39.52500E+00,+2.19946E+00
+39.55000E+00,+2.19971E+00
+39.57500E+00,+2.19836E+00
+39.60000E+00,+2.19534E+00
+39.62500E+00,+2.19288E+00
+39.65000E+00,+2.19097E+00
+39.67500E+00,+2.18821E+00
+39.70000E+00,+2.18223E+00
+39.72500E+00,+2.18152E+00
+39.75000E+00,+2.18006E+00
+39.77500E+00,+2.17594E+00
+39.80000E+00,+2.17358E+00
+39.82500E+00,+2.17223E+00
+39.85000E+00,+2.17187E+00
+39.87500E+00,+2.17253E+00
+39.90000E+00,+2.17097E+00
+39.92500E+00,+2.16921E+00
+39.95000E+00,+2.17057E+00
+39.97500E+00,+2.16861E+00
+40.00000E+00,+2.17052E+00
+40.02500E+00,+2.17011E+00
+40.05000E+00,+2.16881E+00
+40.07500E+00,+2.16931E+00
+40.10000E+00,+2.16961E+00
+40.12500E+00,+2.16951E+00
+40.15000E+00,+2.16921E+00
+40.17500E+00,+2.16911E+00
+40.20000E+00,+2.16871E+00
+40.22500E+00,+2.17067E+00
+40.25000E+00,+2.16951E+00
+40.27500E+00,+2.16986E+00
+40.30000E+00,+2.17032E+00
+40.32500E+00,+2.17032E+00
+40.35000E+00,+2.16986E+00
+40.37500E+00,+2.16976E+00
+40.40000E+00,+2.17082E+00
+40.42500E+00,+2.16906E+00
+40.45000E+00,+2.17117E+00
+40.47500E+00,+2.17042E+00
+40.50000E+00,+2.16951E+00
+40.52500E+00,+2.16961E+00
+40.55000E+00,+2.16991E+00
+40.57500E+00,+2.16966E+00
+40.60000E+00,+2.17032E+00
+40.62500E+00,+2.16926E+00
+40.65000E+00,+2.16986E+00
+40.67500E+00,+2.16971E+00
+40.70000E+00,+2.16916E+00
+40.72500E+00,+2.17062E+00
+40.75000E+00,+2.16976E+00
+40.77500E+00,+2.16936E+00
+40.80000E+00,+2.16846E+00
+40.82500E+00,+2.17072E+00
+40.85000E+00,+2.17092E+00
+40.87500E+00,+2.16951E+00
+40.90000E+00,+2.16991E+00
+40.92500E+00,+2.16946E+00
+40.95000E+00,+2.16946E+00
+40.97500E+00,+2.17087E+00
+41.00000E+00,+2.16901E+00
+41.02500E+00,+2.16966E+00
+41.05000E+00,+2.16891E+00
+41.07500E+00,+2.16941E+00
+41.10000E+00,+2.16931E+00
+41.12500E+00,+2.17077E+00
+41.15000E+00,+2.16856E+00
+41.17500E+00,+2.16981E+00
+41.20000E+00,+2.17016E+00
+41.22500E+00,+2.16966E+00
+41.25000E+00,+2.16926E+00
+41.27500E+00,+2.17117E+00
+41.30000E+00,+2.16921E+00
+41.32500E+00,+2.16996E+00
+41.35000E+00,+2.17042E+00
+41.37500E+00,+2.16876E+00
+41.40000E+00,+2.17042E+00
+41.42500E+00,+2.17022E+00
+41.45000E+00,+2.16871E+00
+41.47500E+00,+2.17067E+00
+41.50000E+00,+2.17001E+00
+41.52500E+00,+2.16986E+00
+41.55000E+00,+2.17042E+00
+41.57500E+00,+2.17032E+00
+41.60000E+00,+2.16891E+00
+41.62500E+00,+2.17027E+00
+41.65000E+00,+2.16886E+00
+41.67500E+00,+2.16996E+00
+41.70000E+00,+2.16896E+00
+41.72500E+00,+2.16916E+00
+41.75000E+00,+2.16876E+00
+41.77500E+00,+2.16961E+00
+41.80000E+00,+2.16996E+00
+41.82500E+00,+2.16881E+00
+41.85000E+00,+2.17032E+00
+41.87500E+00,+2.16800E+00
+41.90000E+00,+2.16966E+00
+41.92500E+00,+2.16971E+00
+41.95000E+00,+2.16921E+00
+41.97500E+00,+2.17016E+00
+42.00000E+00,+2.16901E+00
+42.02500E+00,+2.17052E+00
+42.05000E+00,+2.16846E+00
+42.07500E+00,+2.17037E+00
+42.10000E+00,+2.16966E+00
+42.12500E+00,+2.17001E+00
+42.15000E+00,+2.16991E+00
+42.17500E+00,+2.17062E+00
+42.20000E+00,+2.16936E+00
+42.22500E+00,+2.16991E+00
+42.25000E+00,+2.16976E+00
+42.27500E+00,+2.17037E+00
+42.30000E+00,+2.17016E+00
+42.32500E+00,+2.17037E+00
+42.35000E+00,+2.16815E+00
+42.37500E+00,+2.17077E+00
+42.40000E+00,+2.16936E+00
+42.42500E+00,+2.17107E+00
+42.45000E+00,+2.16971E+00
+42.47500E+00,+2.16946E+00
+42.50000E+00,+2.16926E+00
+42.52500E+00,+2.16991E+00
+42.55000E+00,+2.16921E+00
+42.57500E+00,+2.16936E+00
+42.60000E+00,+2.16916E+00
+42.62500E+00,+2.16951E+00
+42.65000E+00,+2.16916E+00
+42.67500E+00,+2.16896E+00
+42.70000E+00,+2.16906E+00
+42.72500E+00,+2.16760E+00
+42.75000E+00,+2.16851E+00
+42.77500E+00,+2.16514E+00
+42.80000E+00,+2.16665E+00
+42.82500E+00,+2.16780E+00
+42.85000E+00,+2.16705E+00
+42.87500E+00,+2.16700E+00
+42.90000E+00,+2.16620E+00
+42.92500E+00,+2.16710E+00
+42.95000E+00,+2.16785E+00
+42.97500E+00,+2.16670E+00
+43.00000E+00,+2.16625E+00
+43.02500E+00,+2.16836E+00
+43.05000E+00,+2.16680E+00
+43.07500E+00,+2.16755E+00
+43.10000E+00,+2.16675E+00
+43.12500E+00,+2.16800E+00
+43.15000E+00,+2.16735E+00
+43.17500E+00,+2.16765E+00
+43.20000E+00,+2.16665E+00
+43.22500E+00,+2.16810E+00
+43.25000E+00,+2.16725E+00
+43.27500E+00,+2.16805E+00
+43.30000E+00,+2.16609E+00
+43.32500E+00,+2.16821E+00
+43.35000E+00,+2.16715E+00
+43.37500E+00,+2.16750E+00
+43.40000E+00,+2.16740E+00
+43.42500E+00,+2.16810E+00
+43.45000E+00,+2.16695E+00
+43.47500E+00,+2.16740E+00
+43.50000E+00,+2.16650E+00
+43.52500E+00,+2.16730E+00
+43.55000E+00,+2.16640E+00
+43.57500E+00,+2.16785E+00
+43.60000E+00,+2.16444E+00
+43.62500E+00,+2.16851E+00
+43.65000E+00,+2.16559E+00
+43.67500E+00,+2.16730E+00
+43.70000E+00,+2.16640E+00
+43.72500E+00,+2.16715E+00
+43.75000E+00,+2.16549E+00
+43.77500E+00,+2.16740E+00
+43.80000E+00,+2.16544E+00
+43.82500E+00,+2.16680E+00
+43.85000E+00,+2.16630E+00
+43.87500E+00,+2.16574E+00
+43.90000E+00,+2.16675E+00
+43.92500E+00,+2.16770E+00
+43.95000E+00,+2.16584E+00
+43.97500E+00,+2.16690E+00
+44.00000E+00,+2.16775E+00
+44.02500E+00,+2.16484E+00
+44.05000E+00,+2.16424E+00
+44.07500E+00,+2.16403E+00
+44.10000E+00,+2.15790E+00
+44.12500E+00,+2.15620E+00
+44.15000E+00,+2.14735E+00
+44.17500E+00,+2.14378E+00
+44.20000E+00,+2.13881E+00
+44.22500E+00,+2.13032E+00
+44.25000E+00,+2.12228E+00
+44.27500E+00,+2.11398E+00
+44.30000E+00,+2.10152E+00
+44.32500E+00,+2.09137E+00
+44.35000E+00,+2.08177E+00
+44.37500E+00,+2.06750E+00
+44.40000E+00,+2.04253E+00
+44.42500E+00,+2.03358E+00
+44.45000E+00,+2.01589E+00
+44.47500E+00,+2.00549E+00
+44.50000E+00,+1.98760E+00
+44.52500E+00,+1.96936E+00
+44.55000E+00,+1.95549E+00
+44.57500E+00,+1.93434E+00
+44.60000E+00,+1.91378E+00
+44.62500E+00,+1.89514E+00
+44.65000E+00,+1.87630E+00
+44.67500E+00,+1.86097E+00
+44.70000E+00,+1.83579E+00
+44.72500E+00,+1.81971E+00
+44.75000E+00,+1.80167E+00
+44.77500E+00,+1.78358E+00
+44.80000E+00,+1.76424E+00
+44.82500E+00,+1.74810E+00
+44.85000E+00,+1.72745E+00
+44.87500E+00,+1.71449E+00
+44.90000E+00,+1.69469E+00
+44.92500E+00,+1.67680E+00
+44.95000E+00,+1.65760E+00
+44.97500E+00,+1.64499E+00
+45.00000E+00,+1.62655E+00
+45.02500E+00,+1.61439E+00
+45.05000E+00,+1.59715E+00
+45.07500E+00,+1.58444E+00
+45.10000E+00,+1.57539E+00
+45.12500E+00,+1.56851E+00
+45.15000E+00,+1.55866E+00
+45.17500E+00,+1.55464E+00
+45.20000E+00,+1.54720E+00
+45.22500E+00,+1.54001E+00
+45.25000E+00,+1.53760E+00
+45.27500E+00,+1.53514E+00
+45.30000E+00,+1.53474E+00
+45.32500E+00,+1.53705E+00
+45.35000E+00,+1.53544E+00
+45.37500E+00,+1.53710E+00
+45.40000E+00,+1.53805E+00
+45.42500E+00,+1.53805E+00
+45.45000E+00,+1.54127E+00
+45.47500E+00,+1.54725E+00
+45.50000E+00,+1.55117E+00
+45.52500E+00,+1.55403E+00
+45.55000E+00,+1.55625E+00
+45.57500E+00,+1.55866E+00
+45.60000E+00,+1.56102E+00
+45.62500E+00,+1.56499E+00
+45.65000E+00,+1.56625E+00
+45.67500E+00,+1.56755E+00
+45.70000E+00,+1.56871E+00
+45.72500E+00,+1.57047E+00
+45.75000E+00,+1.57228E+00
+45.77500E+00,+1.57504E+00
+45.80000E+00,+1.57408E+00
+45.82500E+00,+1.57650E+00
+45.85000E+00,+1.57614E+00
+45.87500E+00,+1.57981E+00
+45.90000E+00,+1.57881E+00
+45.92500E+00,+1.57996E+00
+45.95000E+00,+1.57901E+00
+45.97500E+00,+1.58042E+00
+46.00000E+00,+1.57906E+00
+46.02500E+00,+1.58117E+00
+46.05000E+00,+1.57916E+00
+46.07500E+00,+1.58132E+00
+46.10000E+00,+1.57896E+00
+46.12500E+00,+1.58157E+00
+46.15000E+00,+1.57891E+00
+46.17500E+00,+1.58001E+00
+46.20000E+00,+1.58011E+00
+46.22500E+00,+1.58152E+00
+46.25000E+00,+1.58006E+00
+46.27500E+00,+1.58429E+00
+46.30000E+00,+1.58253E+00
+46.32500E+00,+1.58328E+00
+46.35000E+00,+1.58419E+00
+46.37500E+00,+1.58660E+00
+46.40000E+00,+1.58891E+00
+46.42500E+00,+1.59941E+00
+46.45000E+00,+1.61022E+00
+46.47500E+00,+1.62363E+00
+46.50000E+00,+1.63886E+00
+46.52500E+00,+1.65162E+00
+46.55000E+00,+1.66338E+00
+46.57500E+00,+1.67891E+00
+46.60000E+00,+1.68655E+00
+46.62500E+00,+1.70243E+00
+46.65000E+00,+1.71001E+00
+46.67500E+00,+1.71770E+00
+46.70000E+00,+1.72343E+00
+46.72500E+00,+1.73187E+00
+46.75000E+00,+1.73735E+00
+46.77500E+00,+1.74238E+00
+46.80000E+00,+1.74469E+00
+46.82500E+00,+1.75087E+00
+46.85000E+00,+1.75217E+00
+46.87500E+00,+1.75469E+00
+46.90000E+00,+1.75403E+00
+46.92500E+00,+1.75559E+00
+46.95000E+00,+1.75273E+00
+46.97500E+00,+1.75388E+00
+47.00000E+00,+1.75067E+00
+47.02500E+00,
+47.05000E+00,
+47.07500E+00,
+47.10000E+00,
+47.12500E+00,
+47.15000E+00,
+47.17500E+00,
+47.20000E+00,
+47.22500E+00,
+47.25000E+00,
+47.27500E+00,
+47.30000E+00,
+47.32500E+00,
+47.35000E+00,
+47.37500E+00,
+47.40000E+00,
+47.42500E+00,
+47.45000E+00,
+47.47500E+00,
+47.50000E+00,
+47.52500E+00,
+47.55000E+00,
+47.57500E+00,
+47.60000E+00,
+47.62500E+00,
+47.65000E+00,
+47.67500E+00,
+47.70000E+00,
+47.72500E+00,
+47.75000E+00,
+47.77500E+00,
+47.80000E+00,
+47.82500E+00,
+47.85000E+00,
+47.87500E+00,
+47.90000E+00,
+47.92500E+00,
+47.95000E+00,
+47.97500E+00,
+48.00000E+00,
+48.02500E+00,
+48.05000E+00,
+48.07500E+00,
+48.10000E+00,
+48.12500E+00,
+48.15000E+00,
+48.17500E+00,
+48.20000E+00,
+48.22500E+00,
+48.25000E+00,
+48.27500E+00,
+48.30000E+00,
+48.32500E+00,
+48.35000E+00,
+48.37500E+00,
+48.40000E+00,
+48.42500E+00,
+48.45000E+00,
+48.47500E+00,
+48.50000E+00,
+48.52500E+00,
+48.55000E+00,
+48.57500E+00,
+48.60000E+00,
+48.62500E+00,
+48.65000E+00,
+48.67500E+00,
+48.70000E+00,
+48.72500E+00,
+48.75000E+00,
+48.77500E+00,
+48.80000E+00,
+48.82500E+00,
+48.85000E+00,
+48.87500E+00,
+48.90000E+00,
+48.92500E+00,
+48.95000E+00,
+48.97500E+00,
+49.00000E+00,
+49.02500E+00,
+49.05000E+00,
+49.07500E+00,
+49.10000E+00,
+49.12500E+00,
+49.15000E+00,
+49.17500E+00,
+49.20000E+00,
+49.22500E+00,
+49.25000E+00,
+49.27500E+00,
+49.30000E+00,
+49.32500E+00,
+49.35000E+00,
+49.37500E+00,
+49.40000E+00,
+49.42500E+00,
+49.45000E+00,
+49.47500E+00,
+49.50000E+00,
+49.52500E+00,
+49.55000E+00,
+49.57500E+00,
+49.60000E+00,
+49.62500E+00,
+49.65000E+00,
+49.67500E+00,
+49.70000E+00,
+49.72500E+00,
+49.75000E+00,
+49.77500E+00,
+49.80000E+00,
+49.82500E+00,
+49.85000E+00,
+49.87500E+00,
+49.90000E+00,
+49.92500E+00,
+49.95000E+00,
+49.97500E+00,
